[

  {
    "model": "main.animal",
    "pk": 1,
    "fields": {
      "type": "Собаки",
      "image": "animals/dog.png"
    }
  },
  {
    "model": "main.animal",
    "pk": 2,
    "fields": {
      "type": "Кошки",
      "image": "animals/cat.png"
    }
  },
  {
    "model": "main.animal",
    "pk": 3,
    "fields": {
      "type": "Грызуны",
      "image": "animals/mice.png"
    }
  },
  {
    "model": "main.animal",
    "pk": 4,
    "fields": {
      "type": "Рыбы",
      "image": "animals/fish.png"
    }
  },
  {
    "model": "main.categoryproduct",
    "pk": 1,
    "fields": {
      "name": "Корм для котов",
      "parent": null,
      "lft": 1,
      "rght": 2,
      "tree_id": 1,
      "level": 0
    }
  },
  {
    "model": "main.categoryproduct",
    "pk": 2,
    "fields": {
      "name": "Наполнитель",
      "parent": null,
      "lft": 1,
      "rght": 2,
      "tree_id": 2,
      "level": 0
    }
  },
  {
    "model": "main.categoryproduct",
    "pk": 3,
    "fields": {
      "name": "Уход за животными",
      "parent": null,
      "lft": 1,
      "rght": 2,
      "tree_id": 3,
      "level": 0
    }
  },
  {
    "model": "main.categoryproduct",
    "pk": 4,
    "fields": {
      "name": "Корм",
      "parent": null,
      "lft": 1,
      "rght": 6,
      "tree_id": 4,
      "level": 0
    }
  },
  {
    "model": "main.categoryproduct",
    "pk": 5,
    "fields": {
      "name": "Влажный корм",
      "parent": 4,
      "lft": 2,
      "rght": 3,
      "tree_id": 4,
      "level": 1
    }
  },
  {
    "model": "main.categoryproduct",
    "pk": 6,
    "fields": {
      "name": "Сухой корм",
      "parent": 4,
      "lft": 4,
      "rght": 5,
      "tree_id": 4,
      "level": 1
    }
  },
  {
    "model": "main.product",
    "pk": 1,
    "fields": {
      "title": "Консервы ROYAL CANIN STERILISED для взрослых кастрированных котов..",
      "image_prev": "products_images/royal_canin.png",
      "price": "10.00",
      "description": "Royal Canin Sterilised Корм консервированный для стерилизованных взрослых кошек, соус, 85г\r\n\r\nПотребности стерилизованных или кастрированных животных в питании изменяются.\r\n\r\nROYAL CANIN® Sterilised в соусе специально разработан с учетом потребностей взрослых стерилизованных кошек. Благодаря контролируемому уровню калорийности и умеренному содержанию жиров ROYAL CANIN® Sterilised в соусе помогает кошке не набирать избыточный вес (при условии, что при кормлении не превышается рекомендуемый объем порций).",
      "key_features": "У кастрированных и стерилизованных питомцев меняются энергетические потребности. Теперь им требуется менее калорийный рацион, а также усиленная поддержка здоровья мочевыделительной системы.\r\nДобавляйте влажный рацион в ежедневное кормление кошки для активной профилактики мочекаменной болезни.",
      "compound": "Мясо и мясные субпродукты, злаки, субпродукты растительного происхождения, минеральные вещества, экстракты белков растительного происхождения, источники углеводов. ДОБАВКИ (в 1 кг): Питательные добавки: Витамин D3: 90 ME, Железо: 3 мг, Йод: 0,21 мг, Медь: 1,6 мг, Марганец: 0,9 мг, Цинк: 9 мг - Технологические добавки: Клиноптилолит осадочного происхождения: 0,2 г. СОДЕРЖАНИЕ ПИТАТЕЛЬНЫХ ВЕЩЕСТВ: Белки: 9 % - Жиры: 2,6 % - Минеральные вещества: 1,3 % - Клетчатка пищевая: 1,8 % - Влажность: 81 %.Информация об ингредиентах и нутриентном составе на сайте является справочной. Вся информация о продукте представлена непосредственно на упаковке.",
      "guaranteed_analysis": "СОДЕРЖАНИЕ ПИТАТЕЛЬНЫХ ВЕЩЕСТВ: Белки: 9 % - Жиры: 2,6 % - Минеральные вещества: 1,3 % - Клетчатка пищевая: 1,8 % - Влажность: 81 %.",
      "nutritional_supplements": "ДОБАВКИ (в 1 кг): Питательные добавки: Витамин D3: 90 ME, Железо: 3 мг, Йод: 0,21 мг, Медь: 1,6 мг, Марганец: 0,9 мг, Цинк: 9 мг - Технологические добавки: Клиноптилолит осадочного происхождения: 0,2 г.",
      "quantity": 10,
      "category": 6,
      "brand": 1,
      "sale": 2,
      "sales_counter": 2,
      "animal": [
        2
      ],
      "order": []
    }
  },
  {
    "model": "main.product",
    "pk": 2,
    "fields": {
      "title": "FRESH STEP CAT LITTER CLAY EXTREME – Фреш Степ наполнитель..",
      "image_prev": "products_images/FreshStep.png",
      "price": "15.00",
      "description": "FRESH STEP CAT LITTER CLAY EXTREME - впитывающий наполнитель с тройным контролем запахов.\r\nFRESH STEP CAT LITTER CLAY EXTREME - один из лучших впитывающих наполнителей по контролю запахов.",
      "key_features": "Технология Carbon Plus мгновенно нейтрализует запахи и действует 24/7.\r\nПрептствует размножению бактерий - источника неприятных запахов.\r\nАроматизаторы активируются, когда необходимо.",
      "compound": "FRESH STEP CAT LITTER CLAY EXTREME содержит формулу, которая нейтрализует запахи в период между посещениями лотка. Эта формула действительно предотвращает рост бактерий, вызывающих запахи, поэтому наполнитель всегда остается свежим и готовым к использованию, и благодаря присутствию активированного угля, обработанного специальным образом, происходит максимальный контроль над неприятными запахами.",
      "guaranteed_analysis": "Заполните лоток наполнителем на 5-6 см. Если лотком пользуются несколько кошек, Вам потребуется больше наполнителя. Полностью меняйте наполнитель по мере необходимости, один раз в 10 дней. Фекальные отходы убирайте регулярно, не дожидаясь полной замены наполнителя.",
      "nutritional_supplements": "нет",
      "quantity": 20,
      "category": 2,
      "brand": 2,
      "sale": 1,
      "sales_counter": 12,
      "animal": [
        1
      ],
      "order": []
    }
  },
  {
    "model": "main.product",
    "pk": 3,
    "fields": {
      "title": "FURMINATOR SHORT HAIR LARGE CAT M/L Фурминатор для короткошерстных кошек..",
      "image_prev": "products_images/Furminator.png",
      "price": "5.00",
      "description": "Многие владельцы кошек сталкиваются с проблемой большого количества шерсти по всему дому. На мягкой мебели, ковре, одежде. Можно решить эту проблему на короткий промежуток времени, обратившись в салон для животных, но мы хотим вам предложить наиболее экономичный вариант. Фурминатор Furminator для кошек - это специальное приспособление, позволяющее вычесать не только шерсть, но и подшерсток. При этом не принося вашему любимцу неприятные ощущения. Для него это покажется лишь приятным массажем. При регулярном использовании расчески для вычесывания шерсти вы снизите количество пуха в доме до 90%. С помощью дешеддера Furminator M/L вы сможете вычесать больших кошек (более 4,5 кг) с короткой шерстью.",
      "key_features": "Мы позаботились о вашем любимце. Поэтому концы лезвия скруглены, чтобы исключить риск травмы. Кнопка самоочистки легко сбрасывает шерсть с инструмента. Защелкните ее для защиты лезвия в процессе хранения. Защитные края предупреждают давление лезвия на кожу. Удобная прорезиненная ручка позволит снять напряжение с вашей руки во время использования. Ваш питомец останется доволен! Попробуйте расческу для кошек Furminator, и ваша жизнь станет проще!",
      "compound": "Материал: пластик, сталь, резина. дешеддер для кошек / расческа фурминатор / фурминатор для кошек с короткой шерстью / фурминатор дешеддер / фурминатор для кошек купить .",
      "guaranteed_analysis": "Lorem Ipsum is simply dummy text of the printing and typesetting industry. Lorem Ipsum has been the industry's standard dummy text ever since the 1500s, when an unknown printer took a galley of type and scrambled it to make a type specimen book. It has survived not only five centuries, but also the leap into electronic typesetting, remaining essentially unchanged. It was popularised in the 1960s with the release of Letraset sheets containing Lorem Ipsum passages, and more recently with desktop publishing software like Aldus PageMaker including versions of Lorem Ipsum.",
      "nutritional_supplements": "нет",
      "quantity": 3,
      "category": 3,
      "brand": 3,
      "sale": 2,
      "sales_counter": 3,
      "animal": [
        1,
        2
      ],
      "order": []
    }
  },
  {
    "model": "main.product",
    "pk": 4,
    "fields": {
      "title": "Сухой корм ROYAL CANIN STERILISED 37 для взрослых кастрированных котов и..",
      "image_prev": "products_images/ROYALCANINDRY.png",
      "price": "60.00",
      "description": "Royal Canin Sterilised Корм консервированный для стерилизованных взрослых кошек, соус, 85г\r\n\r\nПотребности стерилизованных или кастрированных животных в питании изменяются.\r\n\r\nROYAL CANIN® Sterilised в соусе специально разработан с учетом потребностей взрослых стерилизованных кошек. Благодаря контролируемому уровню калорийности и умеренному содержанию жиров ROYAL CANIN® Sterilised в соусе помогает кошке не набирать избыточный вес (при условии, что при кормлении не превышается рекомендуемый объем порций).",
      "key_features": "Lorem Ipsum is simply dummy text of the printing and typesetting industry. Lorem Ipsum has been the industry's standard dummy text ever since the 1500s, when an unknown printer took a galley of type and scrambled it to make a type specimen book. It has survived not only five centuries, but also the leap into electronic typesetting, remaining essentially unchanged. It was popularised in the 1960s with the release of Letraset sheets containing Lorem Ipsum passages, and more recently with desktop publishing software like Aldus PageMaker including versions of Lorem Ipsum.",
      "compound": "Lorem Ipsum is simply dummy text of the printing and typesetting industry. Lorem Ipsum has been the industry's standard dummy text ever since the 1500s, when an unknown printer took a galley of type and scrambled it to make a type specimen book. It has survived not only five centuries, but also the leap into electronic typesetting, remaining essentially unchanged. It was popularised in the 1960s with the release of Letraset sheets containing Lorem Ipsum passages, and more recently with desktop publishing software like Aldus PageMaker including versions of Lorem Ipsum.",
      "guaranteed_analysis": "Lorem Ipsum is simply dummy text of the printing and typesetting industry. Lorem Ipsum has been the industry's standard dummy text ever since the 1500s, when an unknown printer took a galley of type and scrambled it to make a type specimen book. It has survived not only five centuries, but also the leap into electronic typesetting, remaining essentially unchanged. It was popularised in the 1960s with the release of Letraset sheets containing Lorem Ipsum passages, and more recently with desktop publishing software like Aldus PageMaker including versions of Lorem Ipsum.",
      "nutritional_supplements": "Lorem Ipsum is simply dummy text of the printing and typesetting industry. Lorem Ipsum has been the industry's standard dummy text ever since the 1500s, when an unknown printer took a galley of type and scrambled it to make a type specimen book. It has survived not only five centuries, but also the leap into electronic typesetting, remaining essentially unchanged. It was popularised in the 1960s with the release of Letraset sheets containing Lorem Ipsum passages, and more recently with desktop publishing software like Aldus PageMaker including versions of Lorem Ipsum.",
      "quantity": 40,
      "category": 1,
      "brand": 1,
      "sale": 1,
      "sales_counter": 1,
      "animal": [
        2
      ],
      "order": []
    }
  },
  {
    "model": "main.product",
    "pk": 5,
    "fields": {
      "title": "Royal Canin Persian Adult Корм сухой сбалансированный для взрослых персидских кошек от 12 месяцев",
      "image_prev": "products_images/_thumb_800x800xin_upload_iblock_456_4627109383191_1.jpg",
      "price": "33.03",
      "description": "Ни одна кошка не обладает такой густой и длинной шерстью, как персидская. Это означает, что персидским кошкам требуется больше питательных веществ, отвечающих за здоровье кожи.\r\n\r\nПродукт ROYAL CANIN® Persian Adult содержит комплекс нутриентов, усиливающих барьерную функцию кожи и поддерживающих здоровье шерсти.\r\n\r\nИз-за длинной шерсти персидские кошки склонны к образованию волосяных комочков в пищеварительном тракте, что может причинять животным дискомфорт. Однако при питании ROYAL CANIN® Persian Adult проглоченная шерсть легко выводится из организма, вероятность образования комочков сводится к минимуму, а кишечный транзит стимулируется естественным образом – благодаря комплексу различных видов клетчатки (в том числе семени подорожника с высоким содержанием растительной слизи).\r\n\r\nФункция пищеварительной системы поддерживается также за счет белков с высокой степенью усвояемости (L.I.P.), пребиотиков и жирных кислот омега-3 и омега-6.\r\n\r\nМиндалевидная форма крокет ROYAL CANIN® Persian Adult обеспечивает оптимальный захват крокет: такие крокеты персидским кошкам удобно захватывать и разгрызать.\r\n\r\nДля удовлетворения индивидуальных предпочтений каждого животного ROYAL CANIN® Persian Adult выпускается также в виде паштета. Если Вы выбрали для своей кошки смешанное питание, следуйте рекомендованным нормам кормления, чтобы сочетать сухой и влажный продукт в пропорциях, оптимальных для здоровья животного.\r\n\r\nПреимущества:\r\n1) Специально для челюстей брахицефалического типа: Миндалевидные крокеты с оптимальной текстурой специально разработаны для персидских кошек. Они облегчают захват и стимулируют разгрызание.\r\n2) Эксклюзивная формула: Жирные кислоты Омега 3 и Омега 6\r\n3) Здоровая длинная шерсть: Эксклюзивный комплекс нутриентов укрепляет барьерные функции кожи и способствует поддержанию здоровой кожи и красивой шерсти. Содержит жирные кислоты Омега 3 и Омега 6.\r\n4) Выведение волосяных комочков: Значительная длина и плотность шерсти персидских кошек приводит к заглатыванию большого количества шерсти при повседневном уходе. Особая смесь различных типов клетчатки (в том числе богатого камедями подорожника) помогает естественной стимуляции кишечного транзита, выводу проглоченной шерсти и предотвращает формирование волосяных комков.\r\n5) Обеспечение оптимальной работы пищеварения: Высокоусвояемые белки (L.I.P.*), способствующие здоровому пищеварению, и пребиотики помогают поддерживать баланс кишечной флоры.\r\n*L.I.P.: специально отобранные белки с высокой степенью",
      "key_features": "Корм сухой полнорационный сбалансированный для кошек - специально для взрослых персидских кошек старше 12 месяцев Persian Adult (Персиан).",
      "compound": "ИНГРЕДИЕНТЫ: дегидратированные белки животного происхождения (птица), мука из зерновых культур, изолят растительных белков*, животные жиры, рис, растительная клетчатка, гидролизат белков животного происхождения (вкусоароматические добавки), дрожжи и побочные продукты брожения, минеральные вещества, пшеница, рыбий жир, оболочка и семена подорожника, соевое масло, фруктоолигосахариды, гидролизат дрожжей (источник мaннановых олигосахаридов), масло огуречника аптечного, экстракт бархатцев прямостоячих (источник лютеина).\r\n\r\nДОБАВКИ (в 1 кг): Питательные добавки: Витамин A: 31000 ME, Витамин D3: 800 ME, Железо: 36 мг, Йод: 3,6 мг, Медь: 11 мг, Марганец: 47 мг, Цинк: 140 мг, Ceлeн: 0,08 мг - Технологические добавки: Клиноптилолит осадочного происхождения: 10 г - Консерванты - Антиокислители.\r\n\r\nСОДЕРЖАНИЕ ПИТАТЕЛЬНЫХ ВЕЩЕСТВ: Белки: 30 % - Жиры: 22 % - Минеральные вещества: 6,8 % - Клетчатка пищевая: 4,7 % - В 1 кг: Жирные кислоты Омега 6: 32,9 г - Жирные кислоты Омега 3: 8 г.\r\n\r\n*L.I.P.: специально отобранные белки с высокой степенью усвояемости.\r\n\r\nИнформация об ингредиентах и нутриентном составе на сайте является справочной. Вся информация о продукте представлена непосредственно на упаковке.",
      "guaranteed_analysis": "сырой протеин 31%, сырые масла и жиры 19%, сырая клетчатка 3,1%, сырая зола 8,3%, кальций 1,5%, Фосфор 1,1%.",
      "nutritional_supplements": "3a672a Витамин А 17.500 МЕ/кг, 3a671 Витамин D3 1.250 МЕ/кг, 3b103 железо 70 мг/кг, 3b202 йод 1,8 мг/кг, 3b405 медь 8 мг/кг, 3b605 цинк 115 мг/кг, 3b503 марганец 7, 5 мг/кг, селен 3b815 0,05 мг/кг, биотин 0,195 мг/кг, L-карнитин 150 мг/кг.",
      "quantity": 60,
      "category": 6,
      "brand": 22,
      "sale": 1,
      "sales_counter": 0,
      "animal": [
        2
      ],
      "order": []
    }
  },
  {
    "model": "main.product",
    "pk": 6,
    "fields": {
      "title": "Корм Royal Canin Bengal Adult для кошек",
      "image_prev": "products_images/_thumb_800x800xin_upload_iblock_193_3182550864084_1.jpg",
      "price": "32.70",
      "description": "Royal Canin Bengal Adult — корм для бенгальских кошек старше 12 месяцев.\r\n\r\nY-образные крокеты адаптированы для челюстей кошек бенгальской породы. Форма крокет способствует их тщательному разгрызанию и поддержанию гигиены ротовой полости.\r\n\r\nВысокоусвояемые белки (L.I.P.*), адаптированное содержание клетчатки (в том числе подорожника Psyllium) и пребиотики поддерживают баланс кишечной микрофлоры.\r\n* Специально отобранные белки с высокой степенью усвояемости.\r\nВысокий уровень белков (40 %) и умеренный уровень жиров (18 %) – оптимальное соотношение для поддержания мышечной массы.",
      "key_features": "Серосодержащие аминокислоты, витамины, жирные кислоты Омега 3 и Омега 6 обеспечивают здоровье кожи и шерсти.\r\n\r\nБаланс минеральных веществ помогает поддерживать здоровье мочевыделительной системы взрослой кошки.",
      "compound": "Дегидратированные белки животного происхождения (птица), изолят растительных белков*, пшеница, животные жиры, кукурузная клейковина, кукуруза, гидролизат белков животного происхождения (вкусоароматические добавки), рис, растительная клетчатка, экстракт цикория, минеральные вещества, рыбий жир, соевое масло, дрожжи и побочные продукты брожения, фруктоолигосахариды, масло огуречника аптечного, экстракт бархатцев прямостоячих (источник лютеина).",
      "guaranteed_analysis": "Содержание питательных веществ: белки: 40 % - Жиры: 18 % - Минеральные вещества: 7,7 % - Клетчатка общая: 3,8 %.",
      "nutritional_supplements": "Добавки (на 1 кг): витамин A: 31000 ME, Витамин D3: 800 ME, E1 (железо): 32 мг, E2 (йод): 3,2 мг, E4 (медь): 10 мг, E5 (марганец): 42 мг, E6 (цинк): 126 мг, E8 (селен): 0,07 мг – Технологические добавки: клиноптилолит осадочного происхождения: 10 г – консерванты – антиоксиданты.",
      "quantity": 20,
      "category": 6,
      "brand": 1,
      "sale": 2,
      "sales_counter": 3,
      "animal": [
        2
      ],
      "order": []
    }
  },
  {
    "model": "main.product",
    "pk": 7,
    "fields": {
      "title": "Purina Pro Plan Корм сухой для стерилизованных кошек (индейка)",
      "image_prev": "products_images/_thumb_800x800xin_upload_iblock_56f_7613033566547_1.png",
      "price": "25.70",
      "description": "Корм PRO PLAN® содержит особую, разработанную с участием ученых комбинацию ингредиентов для поддержания здоровья кошек в течение продолжительного времени. PRO PLAN® Sterilized для стерилизованных кошек и кастрированных котов предлагает сбалансированное питание, полностью отвечающее потребностям стерилизованных кошек.\r\n\r\nКаждый рацион в ассортименте с высоким содержанием белка и низким содержанием жира, способствует поддержанию оптимального веса тела и укреплению здоровья мочевыделительной системы.\r\n\r\nТакже эти рационы предлагают решения для особых потребностей стерилизованных кошек и содержат необходимые питательные вещества, которые оказывают дополнительную поддержку органов чувств и мозга, почек и чувствительной пищеварительной системы.",
      "key_features": "Следите за весом вашей кошки и корректируйте количество даваемого корма. Следите, чтобы у вашей кошки всегда была чистая свежая питьевая вода. Для здоровья вашей кошки регулярно консультируйтесь с ветеринарным врачом.",
      "compound": "Индейка высокого качества (20%) (включая спинку и грудку), сухой белок птицы, рис, белок кукурузы, кукуруза, белок пшеницы, пшеничная крупка, высушенная растительная клетчатка, яичный порошок, минеральные вещества, рыбий жир, животные жиры, аминокислоты, гидролизат белка животного происхождения, дрожжи, витамины, консерванты, антиоксиданты.",
      "guaranteed_analysis": "Белок 41%, содержание жира 12%, сырая зола 7.5%, сырая клетчатка 4.0%.",
      "nutritional_supplements": "Пищевые добавки на 1 кг: витамин А 32 000, витамин D 1 000, витамин Е 670 мг/кг, витамин С 140 мг/кг, железо 120 мг/кг, йод 1,9 мг/кг, медь 13 мг/кг, марганец 45 мг/кг, цинк 110 мг/кг, селен 0,13 мг/кг.",
      "quantity": 15,
      "category": 5,
      "brand": 24,
      "sale": 2,
      "sales_counter": 1,
      "animal": [
        2
      ],
      "order": []
    }
  },
  {
    "model": "main.imageproduct",
    "pk": 1,
    "fields": {
      "image": "products_images/_thumb_800x800xin_upload_iblock_456_4627109383191_1_zTXS0w3.jpg",
      "product": 5
    }
  },
  {
    "model": "main.imageproduct",
    "pk": 2,
    "fields": {
      "image": "products_images/_thumb_800x800xin_upload_iblock_296_4627109383191_2_UTiIyZX.jpg",
      "product": 5
    }
  },
  {
    "model": "main.imageproduct",
    "pk": 3,
    "fields": {
      "image": "products_images/_thumb_800x800xin_upload_iblock_638_4627109383191_3_3dvvOQl.jpg",
      "product": 5
    }
  },
  {
    "model": "main.imageproduct",
    "pk": 4,
    "fields": {
      "image": "products_images/_thumb_800x800xin_upload_iblock_1a1_3182550864084_1_AGMIqm6.jpg",
      "product": 6
    }
  },
  {
    "model": "main.imageproduct",
    "pk": 5,
    "fields": {
      "image": "products_images/Бенгал_2.jpg",
      "product": 6
    }
  },
  {
    "model": "main.imageproduct",
    "pk": 6,
    "fields": {
      "image": "products_images/_thumb_800x800xin_upload_iblock_2bf_3182550864084_3.jpg",
      "product": 6
    }
  },
  {
    "model": "main.imageproduct",
    "pk": 7,
    "fields": {
      "image": "products_images/_thumb_800x800xin_upload_iblock_56f_7613033566547_1_OynZ80o.png",
      "product": 7
    }
  },
  {
    "model": "main.imageproduct",
    "pk": 8,
    "fields": {
      "image": "products_images/7613033566547_2.png",
      "product": 7
    }
  },
  {
    "model": "main.imageproduct",
    "pk": 9,
    "fields": {
      "image": "products_images/_thumb_800x800xin_upload_iblock_c10_7613033566547_3.png",
      "product": 7
    }
  },
  {
    "model": "main.imageproduct",
    "pk": 10,
    "fields": {
      "image": "products_images/7613033566547_4.png",
      "product": 7
    }
  },
  {
    "model": "main.countitemproduct",
    "pk": 1,
    "fields": {
      "percent": 20,
      "unit": "кг",
      "value": 0.2,
      "product": [
        1,
        4,
        5,
        6,
        7
      ]
    }
  },
  {
    "model": "main.countitemproduct",
    "pk": 2,
    "fields": {
      "percent": 50,
      "unit": "кг",
      "value": 0.5,
      "product": [
        1,
        4,
        5,
        6,
        7
      ]
    }
  },
  {
    "model": "main.countitemproduct",
    "pk": 3,
    "fields": {
      "percent": 100,
      "unit": "л",
      "value": 0.5,
      "product": []
    }
  },
  {
    "model": "main.countitemproduct",
    "pk": 4,
    "fields": {
      "percent": 100,
      "unit": "л",
      "value": 5.0,
      "product": [
        2
      ]
    }
  },
  {
    "model": "main.countitemproduct",
    "pk": 5,
    "fields": {
      "percent": 100,
      "unit": "кг",
      "value": 1.0,
      "product": [
        1,
        4,
        5,
        6,
        7
      ]
    }
  },
  {
    "model": "main.countitemproduct",
    "pk": 7,
    "fields": {
      "percent": 100,
      "unit": "г",
      "value": 200.0,
      "product": [
        1,
        4,
        5,
        6,
        7
      ]
    }
  },
  {
    "model": "main.countitemproduct",
    "pk": 8,
    "fields": {
      "percent": 100,
      "unit": "шт",
      "value": 1.0,
      "product": [
        3
      ]
    }
  },
  {
    "model": "main.countitemproduct",
    "pk": 9,
    "fields": {
      "percent": 200,
      "unit": "кг",
      "value": 2.0,
      "product": [
        1,
        4,
        5,
        6,
        7
      ]
    }
  },
  {
    "model": "main.countitemproduct",
    "pk": 10,
    "fields": {
      "percent": 40,
      "unit": "кг",
      "value": 0.4,
      "product": []
    }
  },
  {
    "model": "main.countitemproduct",
    "pk": 11,
    "fields": {
      "percent": 1000,
      "unit": "кг",
      "value": 10.0,
      "product": []
    }
  },
  {
    "model": "main.countitemproduct",
    "pk": 12,
    "fields": {
      "percent": 40,
      "unit": "кг",
      "value": 0.4,
      "product": []
    }
  },
  {
    "model": "main.countitemproduct",
    "pk": 13,
    "fields": {
      "percent": 150,
      "unit": "кг",
      "value": 1.5,
      "product": []
    }
  },
  {
    "model": "main.countitemproduct",
    "pk": 14,
    "fields": {
      "percent": 300,
      "unit": "кг",
      "value": 3.0,
      "product": []
    }
  },
  {
    "model": "main.countitemproduct",
    "pk": 15,
    "fields": {
      "percent": 1000,
      "unit": "кг",
      "value": 10.0,
      "product": [
        1,
        4,
        5,
        6,
        7
      ]
    }
  },
  {
    "model": "main.sale",
    "pk": 1,
    "fields": {
      "title": "Нет акции",
      "percent": 0,
      "start_sale": "2024-02-01T15:04:48Z",
      "stop_sale": "2024-07-31T03:00:00Z",
      "image": "default/action.png"
    }
  },
  {
    "model": "main.sale",
    "pk": 2,
    "fields": {
      "title": "Черная пятница",
      "percent": 30,
      "start_sale": "2024-02-15T17:09:19Z",
      "stop_sale": "2024-02-23T21:00:00Z",
      "image": "sale/black_fridey.png"
    }
  },
  {
    "model": "main.article",
    "pk": 1,
    "fields": {
      "title": "Главные принципы кормления в домашних условиях",
      "text": "В природе кошка — хищник. Она ловит мелких животных и птиц и съедает их целиком вместе с содержимым желудка, шерстью и небольшим количеством перьев. Основа рациона — мясо, которое лучше всего усваивается в сыром виде. Растительная пища не должна составлять основу рациона: кошачий организм не нуждается в большом количестве углеводов, а также не усваивает грубоволокнистые углеводы и клетчатку.\r\n\r\nСбалансированное питание — ключевой момент для поддержания активности и здоровья вашего любимца. Желательно, чтобы его рацион в домашних условиях был близок к «природному». Но правильно подобрать и приготовить продукты достаточно сложно. Это под силу ветеринарному врачу-диетологу или опытному заводчику, поэтому лучше использовать специальные корма. Они изготовлены из грамотно подобранных и обработанных ингредиентов, а также не содержат вредных для животного специй и вкусовых добавок, которые часто входят в состав домашней еды.\r\n\r\nТакже, если угощать кошку едой со стола, это может сформировать неправильные пищевые привычки и стремление выпрашивать или воровать понравившиеся продукты.\r\n\r\nСколько раз в день и в какое время кормить питомца\r\nВ природе кошка ловит только мелкую добычу. К тому же и объем желудка у нее небольшой. Поэтому ест она обычно небольшими порциями, но часто: до 20 раз в день. Это не значит, что надо постоянно подкладывать еду в миску. Охота отнимает много сил и требует значительной активности. Домашний питомец тратит меньше энергии, а легко доступная еда приводит к перееданию. Располневший котик кажется милым и забавным, но лишний вес вызывает проблемы со здоровьем. Нарушение обмена веществ, одышка, снижение активности — все это может сказаться на продолжительности и качестве жизни.\r\n\r\nРассчитайте объем дневной порции и пополняйте запас еды в миске постепенно. Лучше всего делать это 2–3 раза в день в одно и то же время. Общие рекомендации по режиму кормления и размеру порции вы найдете на упаковке с кошачьим кормом.\r\n\r\nУчитывайте и особенности телосложения и темперамента: крупным и активным животным понадобится больше корма. Определить, правильно ли вы кормите кошку, можно по ее виду и поведению. Активность, жизнерадостный вид, красивая, блестящая шерсть говорят о здоровье животного и хорошо подобранном рационе.\r\n\r\nПозаботьтесь и о месте кормления. Кошки — одиночки, им важно есть в спокойной, уединенной обстановке. Поставьте миски с едой и водой в укромном месте. Не тревожьте питомца, когда он пьет или ест.\r\n\r\nОсобенности пищеварения кошки\r\nПищеварительная система кошек очень чувствительна, и незначительное изменение в питании может привести к нарушениям. Котята перенимают пищевые привычки от матери и придерживаются их всю жизнь, поэтому питомцу не нужно большого разнообразия в еде. Достаточно сочетать влажный и сухой корм одной марки с несколькими вкусами.\r\n\r\nУ взрослой кошки 30 зубов: 16 на верхней и 14 на нижней челюсти. Клыки хорошо развиты и предназначены для ловли добычи, а вот для пережевывания пищи кошачьи зубы приспособлены плохо. Поэтому животное проглатывает еду, измельченную на небольшие кусочки. Слюна кошек содержит большое количество слизи, и это позволяет им употреблять сухую пищу. Пьет животное небольшими порциями: предки домашних кошек были жителями засушливых мест.\r\n\r\nШершавый язык помогает кошке ухаживать за шерстью. При вылизывании жёсткие кератиновые ворсинки на его поверхности «расчесывают» и приглаживают мех. При этом животное неизбежно заглатывает некоторое количество шерстинок, и это не страшно. Кошачий организм приспособился избавляться от них: периодически кошка срыгивает проглоченную шерсть.\r\n\r\nСреда в желудке кошек очень агрессивна. Это позволяет диким кошкам переваривать тушки пойманных грызунов и птиц и обеззараживать пищу. Но организм животного привыкает к постоянной концентрации и количеству желудочного сока. «Привычка» формируется к возрасту 8–10 месяцев, поэтому незнакомая пища часто приводит к расстройствам пищеварения. В природе кошки периодически съедают кишечник своей добычи, восполняя запас полезных микроорганизмов. В домашних условиях для восполнения микрофлоры подойдут особые корма или специально разработанные пробиотики. Например, PRO PLAN® NUTRISAVOUR® DELICATE ДЛЯ ВЗРОСЛЫХ КОШЕК С ЧУВСТВИТЕЛЬНЫМ ПИЩЕВАРЕНИЕМ, С ОКЕАНИЧЕСКОЙ РЫБОЙ В СОУСЕ с необходимым животному пребиотиком инулином. Или пробиотическая кормовая добавка FortiFlora®, которая способствует нормализации жидкого стула, росту полезных бактерий, а также укрепляет иммунитет.\r\n\r\nПравильное питание:\r\n\r\nСбалансировано и удовлетворяет все потребности животного;\r\nХорошо переносится и не вызывает проблем с пищеварением;\r\nНеизменно: лучше всего давать питомцу одну и ту же еду ежедневно.\r\nЭнергия и питательные вещества\r\nОсновная ценность рациона — питательные вещества, необходимые для здоровья животного.\r\n\r\nБелками богаты мясо, рыба, творог.\r\n\r\nИсточник углеводов — зерновые культуры, овощи и фрукты.\r\n\r\nЛипиды содержатся в мясе (говядина), молочных продуктах, яйцах.\r\n\r\nСодержатся в мясе, рыбе, злаковых и бобовых культурах.\r\n\r\nБогаты витаминами мясо, злаки, молочные продукты, рыбий жир, фрукты и овощи.\r\n\r\nПротеины (белки) играют важную роль в большинстве процессов жизнедеятельности. Они необходимы для здорового роста, формирования мышц, правильного развития организма. Отвечают за иммунитет и производство кровяных клеток. Особенно большая потребность в белках у котят и беременных кошек — этот элемент помогает выносить плод и правильно развиваться малышам до и после рождения.\r\nУглеводы являются источником энергии. По мнению FEDIAF, кошки не нуждаются в высоком содержании углеводов в рационе, они способны синтезировать глюкозу из белков животного происхождения. Но наличие углеводов в рационе поддерживает здоровье пищеварительной системы и всего организма. Они способствуют выработке энергии, повышают активность и вызывают чувство сытости.\r\nЛипиды (жиры) — органические вещества, необходимые для выработки энергии. Они помогают усваивать жирорастворимые витамины и служат источником полиненасыщенных жирных кислот. Дефицит липидов в рационе приводит к ухудшению состояния кожи и шерсти, нарушениям репродуктивной функции.\r\nМинеральные вещества (макроэлементы и микроэлементы) участвуют в формировании костей и хрящевой ткани, сохраняют здоровье кожи. А также поддерживают ионный баланс клеток, способствуют синтезу гемоглобина. Необходимы для здоровья щитовидной железы, выполняют функцию антиоксидантов.\r\nВитамины участвуют во многих жизненно важных процессах. Они участвуют в формировании клеток крови, синтезе гормонов, регуляции обменных процессов организма. Обладают антиоксидантным действием, влияют на здоровье кожи и шерсти, выделение кожного секрета. Особенно важно обеспечить поступление витаминов группы A и D: организм кошек их не вырабатывает.\r\nВажно учитывать, что питательные вещества и витамины из перечисленных продуктов усваиваются организмом кошки не полностью, а некоторые натуральные продукты могут вызвать расстройство пищеварения. Состав промышленных кормов учитывает все потребности животного в микро- и макроэлементах и «поставляет» их в организм в доступной и легкоусвояемой форме.\r\n\r\nСоставляем рацион\r\nВажно, чтобы в рационе кошки содержалось достаточное количество питательных веществ. Но помните, что их избыток так же вреден, как и недостаток. Правильное усвоение зависит и от формы, в которой они попадают в организм. Чтобы составить правильный рацион, необходимо учесть индивидуальные потребности питомца. Имеет значение размер, возраст, образ жизни и особые потребности здоровья. Лучше всего доверить выбор профессионалам.\r\n\r\nПри создании кормов PRO PLAN® используются знания и многолетний опыт в области диетологии, учитываются потребности животных разного возраста и состояния здоровья. В разработанных продуктах содержатся все необходимые питательные вещества в легко усваиваемой форме. Разные вкусы позволяют учесть потребности и пристрастия даже самых избирательных кошек.\r\n\r\nОсобенности кормления взрослых и пожилых животных\r\nСтарение организма кошки начинается в возрасте 7–8 лет. При этом замедляются процессы жизнедеятельности. Снижается способность к усвоению пищи. Аппетит может стать хуже или наоборот усилиться и вызвать переедание. Возрастает риск нарушения метаболизма, перистальтики кишечника. Внешне это отражается на состоянии кожи и шерсти питомца, его самочувствии. Правильный рацион помогает уменьшить влияние процессов старения и улучшить качество жизни.\r\n\r\nСухой корм PRO PLAN® ORIGINAL ADULT специально разработан для взрослых кошек старше 7 лет. В нем содержится пребиотик для нормализации перистальтики и микрофлоры кишечника. Таурин и витамин Е действуют как антиоксидант и поддерживают остроту зрения и иммунитет кошки. Высокое содержание белка и полезных минералов сохраняет здоровье суставов, костей и зубов. Корм замедляет процесс старения и продлевает жизнь питомца, поддерживает его активность.\r\n\r\nВ этот период особенно важно следить за массой тела животного. Замедление обмена веществ и снижение двигательной активности повышает риск ожирения. Интересно, что кошки в пожилом возрасте — старше 15-16 лет — перестают страдать ожирением и, скорее, имеют недостаток массы тела.\r\n\r\nОсобенности кормления в период беременности и после родов\r\nБеременность и период лактации требуют особо внимательного отношения к рациону вашей любимицы. От питания зависит самочувствие не только самой кошки, но и ее будущих котят. Обычный корм ей не подойдет: питательных веществ теперь нужно больше. К тому же в период беременности у кошки особые потребности в питании. Идеален для кормления будущей матери корм для котят, так как в нем содержится большое количество необходимых протеинов. Переходить на него желательно сразу после наступления беременности, в отличие от собак, которых переводят на более калорийный корм во второй половине срока.\r\n\r\nPRO PLAN® ORIGINAL KITTEN специально разработан для котят, беременных и кормящих кошек. В нем содержится больше белков, жиров и углеводов, чем в обычном корме. Содержащееся в составе молозиво укрепляет и поддерживает иммунитет малышей. Необходимые растущему организму витамины и микроэлементы способствуют здоровому росту и развитию. Корм подходит котятам после стерилизации и кастрации.\r\n\r\nДля кошек с чувствительным пищеварением или особыми рекомендациями по здоровью подойдёт специальный нежный корм. PRO PLAN® DELICATE легко усваивается и помогает нормализовать пищеварение.\r\n\r\nВажно правильно рассчитать количество корма, необходимого кошке и котятам. В период беременности животное будет есть больше обычного. К концу срока количество потребляемой еды увеличится на 50%. Это нормально, ограничивать кошку не нужно: она сама определит, что съела достаточно. Набранный в это время вес не повод для беспокойства. Животное накапливает подкожный жир, необходимый при вынашивании и лактации. Через 3–4 недели после рождения малышей масса тела матери придет в норму.\r\n\r\nПеред родами аппетит животного обычно снижается. Следите, чтобы корм и свежая вода всегда были в свободном доступе. Кошка поест, когда захочет. Зато в период вскармливания количество потребляемой пищи может увеличиться в 4 раза. Не увеличивайте размер порций, но чаще предлагайте еду в течение дня. Во время лактации животному нужно больше воды. Чаще предлагайте кошке влажный корм, а сухой смачивайте. Так вы не только поможете кошке: котятам будет легче пробовать размоченную еду.\r\n\r\nПериод лактации длится 6–8 недель. После этого пора переводить кошку на ее обычный рацион. Делайте это постепенно: желудок животного чувствителен к перемене пищи. И не забывайте о наблюдении за здоровьем животного у ветеринарного врача.\r\n\r\nПитание стерилизованных и кастрированных питомцев\r\nСтерилизация или кастрация животного приводит к замедлению обмена веществ. Это значит, что для здоровья и активной жизни потребуется особый рацион. Снижение метаболизма после операции повышает риск ожирения. К тому же питомцу теперь не приходится тратить энергию на поиск партнера, поединки с соперниками или вынашивание и вскармливание котят. Если вы заметили, что кошка набирает вес — уменьшите количество кормп. Добавлять еду в миску лучше небольшими порциями в течение дня, чтобы избежать переедания.\r\n\r\nПредложите своей любимице корм PRO PLAN® LIGHT ADULT. Его специальная формула OPTILIGHT способствует поддержанию нормального веса, благодаря пониженной калорийности. Жирные кислоты омега-3 и омега-6 сохраняют шерсть блестящей и шелковистой. А вкус понравится даже самым капризным кошкам.\r\n\r\nВыбирайте корм, поддерживающий здоровый обмен веществ. PRO PLAN® STERILISED поможет питомцу оставаться в хорошей форме. В нем содержится много белка и клетчатки и минимальное количество жиров.\r\n\r\nУ стерилизованных животных повышается риск развития заболеваний почек и мочевыводящей системы. Формула OPTIRENAL поддерживает их здоровье, благодаря высокому содержанию витаминов Е и С, аргинина и омега-3 жирных кислот. Хрустящие гранулы с высоким содержанием минералов укрепляют зубы и защищают от налета и зубного камня.\r\n\r\nДля здоровья органов чувств и сохранения когнитивных функций животного выбирайте PRO PLAN® STERILISED OPTISENSES с высоким содержанием витамина В и антиоксидантов. Если здоровье мочевыводящей системы и почек требует особого внимания, проконсультируйтесь с врачом. Он поможет подобрать специальные диетические корма на период лечения. PRO PLAN® VETERINARY DIETS UR ST/OX URINARY и PRO PLAN® NF RENAL FUNCTION помогут позаботиться о животных с особенностями здоровья.\r\n\r\nВредные и опасные продукты\r\nКошки различают намного меньше вкусов, чем человек, поэтому им не нужно большого разнообразия. Сладкий вкус они не различают совсем, соленый — слабо. Горькая пища инстинктивно воспринимается как непригодная: таким вкусом обладают многие природные яды. Зато кислый вкус воспринимается, как приятный. Человеческая еда может показаться кошке вкусной, но многие продукты со стола хозяина вредны кошке, а некоторые опасны для ее здоровья и даже жизни.\r\n\r\nАвокадо вызывает диарею и рвоту из-за содержания в нем персина. Лук и чеснок приводит к отравлению сульфоксидами, приводящему к развитию анемии. Виноград и изюм — к повреждению почек. Орех макадамия может вызвать сильную интоксикацию, приводящую к судорогам и параличу конечностей. Употребление дрожжевого теста становится причиной вздутия живота. Категорически нельзя допустить, чтобы кошка попробовала алкоголь и шоколад. Даже в небольшом количестве они приводят к опасному для жизни отравлению. Постоянное употребление печени вызывает переизбыток витамина А, который не менее опасен, чем авитаминоз.\r\n\r\nВредны для здоровья кошки острые, жареные и жирные продукты. Нельзя угощать животное колбасой, сосисками, мясными и рыбными консервами из-за содержания в них соли и специй. Трубчатые кости после термической обработки давать нежелательно: они становятся хрупкими, при их разгрызании образуются острые осколки, опасные для организма.\r\n\r\nКомбинированное питание\r\nСочетание влажного и сухого кормов в рационе помогает внести разнообразие в питание и повысить аппетит. Особенно это важно для взрослых и пожилых животных. Влажный корм насыщает организм необходимой жидкостью, сухой — повышает аппетит, ведь его так приятно погрызть. К тому же разгрызание плотных гранул способствует очищению зубов кошки от налёта. Сочетание двух видов корма помогает поддерживать здоровье пищеварительной и мочевыводящей систем.\r\n\r\nОба вида корма следует давать небольшими порциями, чтобы животное не переело. Предлагайте сухой и влажный рацион в разные кормления: не стоит смешивать два типа корма в одной миске. Не забывайте о контроле размера суточной порции пищи: добавляя влажный корм, уменьшите количество сухого. Следите, чтобы еда не портилась и не пересыхала: недоеденное необходимо убрать.\r\n\r\nЧем поить кошку\r\nОрганизм кошки нуждается в воде, как и организм человека. Но потребность в ней значительно меньше. Современная домашняя кошка произошла от диких кошек — обитателей степных, пустынных и частично горных районов Африки. Их организм приспособился экономить влагу и обходиться малым количеством жидкости, поступающей извне. К тому же часть влаги кошки получают вместе с едой. Обязательно поставьте миску с водой для питомца и следите, чтобы ее содержимое оставалось чистым и свежим. Обновляйте запас и тщательно мойте емкость не реже одного раза в сутки.\r\n\r\nИспользуйте питьевую воду. Если водопроводная вода в вашем регионе плохого качества и вы сами ее не пьете — не давайте и кошке. Если вы используете для питья и приготовления пищи бутилированную воду — пусть и кошка пьет такую же. Высокое содержание солей вызывает мочекаменную болезнь, давать животному минеральную воду нельзя. Идеальный вариант — мягкая природная вода. Можно использовать и фильтрованную воду комнатной температуры.\r\n\r\nПравильное питание поддерживает здоровье кошки и обеспечивает высокое качество жизни. С кормами PRO PLAN® вы без труда составите рацион для вашего питомца с учетом его потребностей и особенностей.",
      "image": "articles_images/corm.jpg",
      "date_create": "2024-02-10T10:54:01.176Z",
      "read_time": "10 мин.",
      "animal": 2
    }
  },
  {
    "model": "main.article",
    "pk": 2,
    "fields": {
      "title": "Уход за глазами",
      "text": "У домашних животных часто появляются травмы органов зрения, воспаления и выделения из глаз, врожденные дефекты, связанные с особенностями породы и т.д. Некоторые нуждаются в особом уходе и использованию поддерживающих средств, которые защитят глаза от различных факторов. Риску подвержены следующие животные:\r\n\r\nПороды с приплюснутой мордой. Из-за анатомического строения в области глаз и носа скапливаются выделения, которые раздражают нежную слизистую.\r\nПороды с особой конструкцией век. К примеру, это могут быть шарпеи с многочисленными складками.\r\nПороды с длинной шерстью. Даже при регулярном посещении груминга шерсть у таких пород, как терьеры, ши-тцу и других остается жесткой и может травмировать глаза во время игры или даже сна.\r\nВ домашних условиях можно регулярно увлажнять глаза при помощи капель, но вот очищать их и лечить стоит только под присмотром ветеринара. Органы зрения очень нежные, и любые нарушения правил ухода могут усложниться за считанные часы",
      "image": "articles_images/cat_glas.jpg",
      "date_create": "2024-02-10T10:56:27.258Z",
      "read_time": "2 мин.",
      "animal": 2
    }
  },
  {
    "model": "main.article",
    "pk": 3,
    "fields": {
      "title": "Выбор наполнителя",
      "text": "Наполнители выпускаются не только для кошек, но и для декоративных пород собак, таких как мопс, чихуахуа, той-терьер, китайская хохлатая и т.д. Потребность в оборудовании туалета для питомца может возникнуть в связи с его возрастом: животные старше 10-12 лет часто не хотят выходить на прогулку. Также это прекрасное решение во время дождя.\r\n\r\nРазличают комкующиеся и впитывающие наполнители. Первый вариант пользуется большим спросом, так как при попадании влаги образуется комок, который легко удалить при помощи специального аксессуара. Второй вариант превращается в мягкую массу, и для его устранения необходима полная чистка лотка.\r\n\r\nВиды наполнителей по составу\r\n\r\nДревесный. Состоит из смеси опилок разных пород деревьев, которые потом спрессовуют и экструдируют. В результате получаются частицы разных размеров. Он хорошо поглощает запах, не вредит животному, смывается в унитаз и при попадании жидкости распадается. К недостаткам можно отнести частую замену и периодическое появление в пакетах щепок и прочих природных отходов.\r\nМинеральный. Чаще всего используется глина или цеолит, другие материалы. Применяется исключительно для взрослых кошек и декоративных собак, так как щенки и котята могут случайно его проглотит. При попадании влаги образуется твердый комок, легко сдерживающий запах. Является экологически чистым и гипоаллергенным, но не утилизируются в унитазе. Если животное любит копать, то такой вариант не подойдет, так как будет много пыли.\r\nСиликагель. Современный синтетический материал, при попадании жидкости образует плотный комок. Хорошо задерживает запахи. Данный вариант используют, когда дома живет несколько питомцев, и нужно убирать за ними без необходимости замены всего лотка. К недостаткам можно отнести высокую стоимость продукции.\r\nРазмер частицы подбирается в зависимости от возраста, породы и даже характера животного. Мелкий минерал подойдет спокойным котами собакам, котятам отлично подойдет силикагель, а котам, которые любят рыть лоток – древесные прессованные опилки.\r\n\r\nПри выборе внимание стоит также обратить на наличие ароматизаторов или других добавок: некоторые компоненты могут вызвать аллергическую реакцию или просто быть неприятным животному. Еще один совет: длинношерстным питомцам не подойдут мелкие гранулы, так как они быстро запутываются в шерсти.\r\n\r\nКотам и собакам в возрасте, а также животным, которые имеют проблемы со здоровьем, подойдет диагностический наполнитель. При любых проблемах с почками и мочевой системой он меняет цвет, что свидетельствует о необходимости посетить ветеринарную клинику.",
      "image": "articles_images/napolnitel.jpg",
      "date_create": "2024-02-10T10:58:02.717Z",
      "read_time": "3 мин.",
      "animal": 2
    }
  },
  {
    "model": "main.article",
    "pk": 4,
    "fields": {
      "title": "Советов по ответственному уходу за домашними животными",
      "text": "Хозяева домашних животных готовы делать всё возможное, чтобы заботиться о своих дорогих питомцах. Сюда входят и регулярные повседневные занятия, и игры для собак и кошек, которые помогают им оставаться счастливыми и здоровыми. Если из года в год следовать этим десяти советам по ответственному уходу за домашними животными, ваши кошки и собаки будут здоровыми и счастливыми всю свою жизнь.\r\n1. Посещение ветеринарного врача\r\nОтветственный подход начинается с регулярных посещений ветеринарного врача. Учитывая, что продолжительность жизни у кошек и собак меньше, чем у человека, они должны проходить обследование не реже одного или двух раз в год. В зависимости от графика вакцинации домашних животных в молодом возрасте они могут чаще бывать в кабинете врача, но для поддержания хорошего состояния здоровья необходимо регулярно посещать ветеринарного специалиста и в более старшем возрасте.\r\n\r\nПоход к ветеринарному врачу может оказаться непростой задачей. Кошки, в частности, порой не любят покидать уютные пределы своего дома, но есть способы, которые помогут уменьшить стресс. Специалисты рекомендуют приучать кошку к переноске с раннего возраста. Это позволит избежать сценария, когда кошка будет убегать от хозяина и прятаться под кроватью. Собаки же, как правило, наслаждаются в поездках на машине. Периодически берите собаку с собой, чтобы прокатиться на машине, и тогда она не будет ассоциировать автомобиль исключительно с визитом к ветеринарному врачу. Многие домашние животные не возражают против посещения ветеринарного врача, особенно если подобрать специалиста, который подходит вашему маленькому другу..\r\n2. Прививки\r\nВакцинация домашних животных — жизненно важный компонент ответственного ухода. Вскоре после того, как вы приведёте нового питомца в дом, запишитесь к ветеринарному врачу для проведения вакцинации. Во время первого посещения врач составит график прививок для котят и щенков, которые помогут защитить их от болезней и недугов. Щенка следует привить в первые же несколько недель после его прибытия в ваш дом, если прививки не были сделаны заводчиком или прежним владельцем. При первом посещении обсудите со своим ветеринарным врачом подходящие сроки прививок. Прививки помогают предотвратить такие заболевания, как бешенство, лептоспироз и чума плотоядных. Кошкам показана вакцинация для предотвращения вируса кошачьего герпеса, лейкоза кошек, панлейкопении и бешенства. Если вы взяли взрослого или пожилого питомца, убедитесь, что ему уже были сделаны все необходимые прививки. Прививки обязательно нужно периодически повторять, и это касается не только молодых домашних животных.\r\n3. Правильные идентификационные данные\r\nЕсли произойдёт немыслимое и ваш питомец потеряется — особенно это касается ещё маленьких щенков и котят, которые склонны стремительно выбегать на улицу, — правильное указание идентификационных данных поможет вам быстро и успешно найти его. Начните с основ: gps-ошейник для животных или бирка с указанием всей контактной информации. Помимо идентификационной бирки, рекомендуется микрочип для животных, потому что всегда есть шанс, что ошейник слетит. Микрочип — это электронное устройство, по форме и размеру напоминающее рисовое зёрнышко, которое имплантируется под кожу питомца и может быть считано сканером для получения контактной информации. Сочетание этих форм идентификации может очень помочь воссоединению с любимцем, но только при условии, что вы будете регулярно обновлять контактную информацию. Обязательно необходимо изменить данные в файле микрочипа, а также на ошейнике для домашних животных, если у хозяина изменится адрес или номер телефона.\r\n4. Стерилизация/кастрация\r\nСтерилизация кошек и собак позволяет предотвратить множество проблем со здоровьем, в том числе осложнённую беременность, а также сократить количество бездомных животных. Стерилизация кошки (удаление матки и яичников) значительно снижает риск рака шейки матки, устраняет риск рака яичников и предотвращает течку. Она позволит минимизировать вероятность убегания из дома в поисках партнёра, а соседские коты будут менее агрессивными (и не будут метить территорию, что будет вам и вашей садовой мебели только на пользу, если вы живёте в частном доме). Стерилизация собаки поможет снизить агрессию и склонность бродяжничать по району, а также предотвратит развитие рака яичек. Поскольку стерилизация и кастрация животных проводятся под общим наркозом, питомец, скорее всего, останется в ветеринарной клинике как минимум на одну ночь для наблюдения и восстановления.\r\nСтрахование и стоматология для питомцев\r\nЧитайте также\r\n5. Здоровое питание домашних животных\r\nОбеспечение домашних животных свежей прохладной водой и здоровой пищей являются двумя взаимосвязанными элементами ответственного владения домашними животными. Правильно подобранный корм позволит улучшить качество жизни вашего питомца, обеспечив его необходимой энергией и питательными веществами. При столь большом количестве вариантов выбор корма может оказаться непростым делом, но можно быстро стать знатоком, если ознакомиться со списком важных ингредиентов и узнать, как они помогают вашему щенку или котёнку. Выбирая здоровое питание для кошек, необходимо обеспечить правильный баланс белков, углеводов и жиров. Эти ингредиенты являются важными и для собачьего корма, как и достаточное количество клетчатки для здоровья пищеварительной системы. Помимо содержания полезных ингредиентов, формула корма должна соответствовать возрасту, состоянию здоровья и уровню активности питомца. Прежде чем переводить питомца на специализированный корм, необходимо проконсультироваться с ветеринарным врачом. Он поможет подобрать здоровое питание для собаки или кошки.\r\n6. Уход в домашних условиях\r\nЛюбой владелец домашнего животного ставит перед собой задачу привить своему питомцу правильные гигиенические привычки, обеспечивая надлежащий уход дома, у ветеринарного врача или в зоосалоне. Чистка зубов, расчёсывание и обеспечение здоровой пищей поддерживают их в отличной форме. Помимо этого, ответственный уход за домашним животным требует планирования мероприятий по гигиене и уходу, попробуйте комбинировать их с вознаграждением. Например, можно предлагать питомцу утешительное расчёсывание после стрижки когтей, пока эта процедура не войдёт в привычку.",
      "image": "articles_images/uhod.jpg",
      "date_create": "2024-02-10T11:00:39.340Z",
      "read_time": "8 мин.",
      "animal": 1
    }
  },
  {
    "model": "main.article",
    "pk": 5,
    "fields": {
      "title": "Уход за хомяком",
      "text": "<p><span style=\"background-color:hsl(0, 0%, 100%);color:hsl(0, 0%, 0%);\">Мы подготовили для вас удобное руководство по уходу за хомяком, в котором рассказываем самое важное о содержании хомяка в домашних условиях. Обустройство домикадомик для хомяка Когда вы принесете домой своего нового друга, вокруг него будут непривычные условия. Дайте хомячку свободное пространство, чтобы он мог познакомиться с новой средой обитания в течение нескольких дней - накройте клетку или аквариум легкой тканью. Снимайте покрывало ночью. Хомяки любят жевать и грызть. Выберите питомцу клетку с твердым дном или стеклянный аквариум с хорошо вентилируемой крышкой из проволочной сетки. На дно насыпьте около 3 см опилок или бумажного наполнителя. Добавьте немного стружки из старого места обитания хомяка, и ваш новый друг сразу почувствует себя как дома. Убедитесь, что еда вашего питомца не находится в том же месте, где зверек спит. Вашему маленькому хомяку нужен безопасный дом, в котором можно свободно перемещаться и чувствовать себя комфортно. Разместите в клетке тунели, лабиринты, колесо, чтобы сделать среду обитания уникальной и интересной. В домике нужно поддерживать чистоту и комфорт, но нужно знать меру, не создавайте излишние стрессовые моменты из-за слишком частой уборки. Золотая середина: Ежедневно убирайте туалетную зону; Заменяйте подстилку полностью в случае необходимости (при загрязнении / намокании) или раз в неделю; Еженедельно мойте миску с сухим кормом и через день от сочной пищи; Еженедельно очищайте поилку; Каждую неделю или раз в две недели протирайте клетку или аквариум водой с мылом, чтобы сохранить чистоту и убрать неприятные запахи. Что едят хомяки?пеллеты Пеллеты - гранулированный корм, хороший выбор для кормления хомяка. Пища в форме гранул мешает зверькам выбрать самые вкусные ингредиенты и обеспечит вашего питомца балансом питательных веществ. Кормите хомяка 1 раз в день, миска должна быть заполнена примерно на три четверти. В рацион также могут входить овощи, которые можно давать через день. В меню разрешено включить: тыкву, зелень, цукини, тертую морковь, брокколи, огурцы, яблоки, груши и ягоды. Давайте хомячкам столько фруктов и овощей, сколько они могут съесть примерно за 4 часа. Не перекармливайте зверьков - они любят копить! Что касается воды, предлагайте ее постоянно, лучше установить специальную поилку со стеклянным носиком.</span></p>",
      "image": "articles_images/homiak.jpg",
      "date_create": "2024-02-10T11:03:17.759Z",
      "read_time": "8 мин.",
      "animal": 3
    }
  },
  {
    "model": "main.article",
    "pk": 6,
    "fields": {
      "title": "История про киску Лизу",
      "text": "<p style=\"margin-left:0px;\"><span style=\"color:hsl(0, 0%, 0%);\">Эта порода, выведенная в Великобритании, — одна из самых древних в мире. Её прародители были родом из Африки и Юго-Восточной Азии. За интересную экзотическую внешность, напоминающую животных с древнеегипетских фресок, и сияющий окрас их иногда называют «солнечными».</span></p><p style=\"margin-left:0px;\"><span style=\"color:hsl(0, 0%, 0%);\">Породными признаками являются непропорционально большие острые широко расставленные уши и гладкая шерсть. Всё это можно видеть на фото.</span></p><p style=\"margin-left:0px;\"><span style=\"color:hsl(0, 0%, 0%);\">Признаются 4 вида окраса:</span></p><ul><li><span style=\"color:hsl(0, 0%, 0%);\">дикий — насыщенный оранжево-коричневый цвет;</span></li><li><span style=\"color:hsl(0, 0%, 0%);\">cоррель (цвет корицы) — абрикосовый, медный, красно-коричневый, кирпично-коричневый, шоколадный оттенок (наличие каких-либо пятен, вкраплений, чёрных волосков считается дефектом);</span></li><li><span style=\"color:hsl(0, 0%, 0%);\">голубой — необычный и интересный серо-голубой цвет с рыжим тоном;</span></li><li><span style=\"color:hsl(0, 0%, 0%);\">фавн — цвет шампань, нежный бежево-розоватый, молочно-кофейный оттенок.</span></li></ul><p style=\"margin-left:0px;\"><span style=\"color:hsl(0, 0%, 0%);\">Характерной особенностью абиссинов считается тикинг — сегментированный окрас шерсти (каждая шерстинка раскрашена в 3-4 цвета).</span></p>",
      "image": "articles_images/cat.png",
      "date_create": "2024-02-13T16:23:39.922Z",
      "read_time": "3",
      "animal": 2
    }
  },
  {
    "model": "main.brand",
    "pk": 1,
    "fields": {
      "name": "Royal Cannyn",
      "image": "brands_images/Royal_Canin_mRhxaSn.png"
    }
  },
  {
    "model": "main.brand",
    "pk": 2,
    "fields": {
      "name": "FRESH STEP",
      "image": "brands_images/Fresh_Step.png"
    }
  },
  {
    "model": "main.brand",
    "pk": 3,
    "fields": {
      "name": "FLEXY",
      "image": "brands_images/Flexi_CUmPdjH.png"
    }
  },
  {
    "model": "main.brand",
    "pk": 10,
    "fields": {
      "name": "Belcando",
      "image": "brands_images/Belcando_XfB5oBn.png"
    }
  },
  {
    "model": "main.brand",
    "pk": 11,
    "fields": {
      "name": "Berkley",
      "image": "brands_images/Berkley_VZya2UC.png"
    }
  },
  {
    "model": "main.brand",
    "pk": 12,
    "fields": {
      "name": "Bosch",
      "image": "brands_images/Bosch_h8byO1R.png"
    }
  },
  {
    "model": "main.brand",
    "pk": 13,
    "fields": {
      "name": "Brit",
      "image": "brands_images/Brit_6QqRfmT.png"
    }
  },
  {
    "model": "main.brand",
    "pk": 14,
    "fields": {
      "name": "Eukanuba",
      "image": "brands_images/Eukanuba_z23RjzG.png"
    }
  },
  {
    "model": "main.brand",
    "pk": 15,
    "fields": {
      "name": "Ever Clean",
      "image": "brands_images/Ever_Clean.png"
    }
  },
  {
    "model": "main.brand",
    "pk": 16,
    "fields": {
      "name": "Fersele-Laga",
      "image": "brands_images/Fersele-Laga_lnuFDU7.png"
    }
  },
  {
    "model": "main.brand",
    "pk": 17,
    "fields": {
      "name": "Foresto",
      "image": "brands_images/Foresto_ISP9ldK.png"
    }
  },
  {
    "model": "main.brand",
    "pk": 18,
    "fields": {
      "name": "Grandorf",
      "image": "brands_images/Grandorf_I2I3NXV.png"
    }
  },
  {
    "model": "main.brand",
    "pk": 19,
    "fields": {
      "name": "Hill's",
      "image": "brands_images/Hills.png"
    }
  },
  {
    "model": "main.brand",
    "pk": 20,
    "fields": {
      "name": "Monge",
      "image": "brands_images/Monge_tO5l10z.png"
    }
  },
  {
    "model": "main.brand",
    "pk": 21,
    "fields": {
      "name": "Pro Pac",
      "image": "brands_images/Pro_Pac.png"
    }
  },
  {
    "model": "main.brand",
    "pk": 22,
    "fields": {
      "name": "Purina Cat Chow",
      "image": "brands_images/Purina_Cat_Chow.png"
    }
  },
  {
    "model": "main.brand",
    "pk": 23,
    "fields": {
      "name": "Purina Dog Chow",
      "image": "brands_images/Purina_Dog_Chow.png"
    }
  },
  {
    "model": "main.brand",
    "pk": 24,
    "fields": {
      "name": "Purina PRO PLAN",
      "image": "brands_images/Purina_PRO_PLAN.png"
    }
  },
  {
    "model": "error_management.styledcomponents",
    "pk": 1,
    "fields": {
      "css_class_name": "about",
      "style": "display:none",
      "page_name": "Главная",
      "section_of_page": "about",
      "theme": "Первое занятие",
      "lesson_number": "1",
      "is_active": false,
      "description": "aaaaaaaaaaa"
    }
  },
  {
    "model": "error_management.seterrorlink",
    "pk": 1,
    "fields": {
      "html_id_tag_a": "header__bottom-nav-item",
      "href": "https://massandra.su/tourist-facilities/head-plant-massandra/",
      "page_name": "Главная",
      "section_of_page": "Навигация",
      "theme": "Первое занятие",
      "lesson_number": "1",
      "is_active": false,
      "description": "https://massandra.su/tourist-facilities/head-plant-massandra/"
    }
  }]